2026-04-29T18:52:28Z	session_start	baseline injected
2026-04-29T18:53:19Z	transcript_path	/Users/jon/.claude/projects/-Volumes-Sidecar-ffxi-ffxi-agent/5cce38ce-9d76-4a08-bfd4-56ba28af0689.jsonl
2026-04-29T18:53:22Z	tool_fail	Read
2026-04-29T18:53:22Z	bash_ok	
2026-04-29T18:53:22Z	bash_ok	
2026-04-29T18:53:27Z	tool_fail	Read
2026-04-29T18:53:27Z	bash_ok	
2026-04-29T18:53:27Z	bash_ok	
2026-04-29T18:53:30Z	tool_fail	Read
2026-04-29T18:53:33Z	bash_ok	
2026-04-29T18:53:50Z	bash_ok	
2026-04-29T18:53:50Z	bash_ok	
2026-04-29T18:54:30Z	bash_ok	
2026-04-29T18:54:34Z	bash_ok	
2026-04-29T18:54:37Z	bash_ok	
2026-04-29T18:57:54Z	bash_ok	
2026-04-29T18:57:56Z	tool_fail	Bash:pgrep -lf ffxi- ; echo '---' ; pstree -p 13208 2>/dev/null || ps -o pid,ppid,sta
2026-04-29T18:57:58Z	bash_ok	
2026-04-29T18:57:59Z	bash_ok	
2026-04-29T18:58:19Z	task_completed_check	
2026-04-29T18:58:19Z	task_completed_check	
2026-04-29T18:58:35Z	bash_ok	
2026-04-29T18:59:33Z	bash_ok	
2026-04-29T18:59:35Z	bash_ok	
2026-04-29T19:00:06Z	bash_ok	
2026-04-29T19:00:40Z	bash_ok	
2026-04-29T19:00:46Z	bash_ok	
2026-04-29T19:00:49Z	bash_ok	
