2026-04-29T19:00:57Z	session_start	baseline injected
2026-04-29T19:02:24Z	transcript_path	/Users/jon/.claude/projects/-Volumes-Sidecar-ffxi-ffxi-agent/4cd1396f-b98a-4ae0-b74d-ee0e6d10e830.jsonl
2026-04-29T19:02:27Z	tool_fail	Read
2026-04-29T19:02:28Z	bash_ok	
2026-04-29T19:02:28Z	bash_ok	
2026-04-29T19:02:31Z	bash_ok	
2026-04-29T19:02:31Z	bash_ok	
2026-04-29T19:02:33Z	bash_ok	
2026-04-29T19:02:33Z	bash_ok	
2026-04-29T19:02:35Z	bash_ok	
2026-04-29T19:02:35Z	bash_ok	
2026-04-29T19:02:37Z	bash_ok	
2026-04-29T19:02:37Z	bash_ok	
2026-04-29T19:02:39Z	bash_ok	
2026-04-29T19:02:39Z	bash_ok	
2026-04-29T19:02:41Z	bash_ok	
2026-04-29T19:02:41Z	bash_ok	
2026-04-29T19:02:43Z	bash_ok	
2026-04-29T19:02:43Z	bash_ok	
2026-04-29T19:02:43Z	bash_ok	
2026-04-29T19:02:46Z	tool_fail	Read
2026-04-29T19:02:51Z	bash_ok	
2026-04-29T19:02:51Z	bash_ok	
2026-04-29T19:02:54Z	bash_ok	
2026-04-29T19:02:54Z	bash_ok	
2026-04-29T19:02:57Z	bash_ok	
2026-04-29T19:02:57Z	bash_ok	
2026-04-29T19:03:00Z	bash_ok	
2026-04-29T19:03:00Z	bash_ok	
2026-04-29T19:03:03Z	bash_ok	
